,PredsOnly,PredsPCA,PredsTest
0,94849.2447824,113939.539253,103734.338558
1,143840.392405,148339.409402,154983.630591
2,177242.287215,189398.021254,184477.505588
3,145503.515402,152288.398469,152947.48414
4,127839.787339,131905.206998,134153.415546
5,137977.428385,136791.663338,146836.985469
6,138487.899621,141548.983937,149831.467365
7,148717.746691,161691.057113,154398.693701
8,156760.647978,149459.218999,158786.968851
9,106591.721495,116462.110541,118153.500111
10,139361.815763,148358.344138,151807.668058
11,104832.149741,125858.165596,114665.141543
12,88694.3603822,102537.779137,97981.7597276
13,174261.594564,169000.195322,180907.099771
14,89038.3478618,104029.760126,96380.5815578
15,164354.957409,186705.16147,178792.351723
16,148310.736015,149557.66712,147623.174625
17,147486.46344,157191.780463,154314.470407
18,163296.479063,157686.661718,153535.932034
19,199087.747642,234814.32599,225494.475707
20,199870.044324,235105.217653,205210.559659
21,152783.485832,155654.234021,146760.49854
22,173571.602829,176048.552997,175198.322967
23,129340.194672,134369.271675,132165.824916
24,124040.204097,131134.627415,132599.100688
25,148066.911437,165324.650779,168939.306747
26,206146.496923,222154.064071,214141.797079
27,153841.163197,175770.613939,163619.255699
28,142303.416229,140256.276047,143880.990366
29,145176.729408,173483.451579,153055.998869
30,146232.618346,147059.264197,156778.059657
31,87269.1929236,102232.186491,97168.4470256
32,198172.27151,192371.241587,202020.216383
33,181740.099382,187651.146963,174640.775093
34,197319.78576,224836.629508,206240.598519
35,171192.679132,182815.337106,179838.174372
36,171642.607227,162549.218863,171678.688796
37,112193.374812,117715.403635,120905.539165
38,110817.400257,125716.265814,119994.07796
39,139041.664342,168050.312577,159817.152122
40,135783.228967,133423.921469,140119.413277
41,129539.779215,146011.758828,139319.651105
42,134690.271051,145991.080331,135783.514747
43,182238.922974,194021.388784,184173.440804
44,132476.835184,151798.829245,153980.536162
45,157537.669902,181283.845269,179333.948344
46,160192.095646,167867.159622,174071.285081
47,181982.719999,211005.367089,194304.943322
48,155162.086925,171335.7312,168761.550294
49,137537.670644,131031.009987,136821.568086
50,126804.663655,124554.698997,121426.154802
51,133092.472631,130647.596171,137986.972046
52,138424.11562,146401.479568,151924.619759
53,139561.811293,139611.579,136479.351433
54,150889.469895,154588.559298,162426.796108
55,129044.567088,127821.954576,134591.387247
56,114343.621172,121382.330878,103196.228241
57,169161.389984,166767.64307,171249.782031
58,178699.93302,183979.337707,190678.178501
59,140189.588466,147704.308629,133448.392749
60,127883.891848,124484.621645,132091.92827
61,136615.113318,145382.298741,155343.767637
62,111941.438492,126470.943335,120654.203485
63,103423.573595,124574.759819,109418.019981
64,113125.367162,122790.284628,113242.797429
65,114685.611275,139017.690455,124893.364778
66,94526.3130646,107978.463914,100185.844598
67,114005.037834,134425.153219,120850.755083
68,137915.922094,145358.233959,140846.840655
69,153389.988578,190554.987338,185433.389762
70,137623.077266,137754.892313,146346.445641
71,83857.364952,98419.7774051,83098.6766158
72,131498.223087,124562.621973,120985.956065
73,94119.4958082,100222.537015,101358.020982
74,143003.931387,147389.64711,142940.352742
75,95189.5720075,101652.773085,93887.0870213
76,88228.4046107,104379.51621,81094.4151505
77,121743.37408,123491.350658,119519.558903
78,128437.055604,132352.831684,105520.639331
79,151057.433499,149584.984037,152954.961899
80,126148.065242,131071.344746,130121.355727
81,119163.235897,118797.197091,115370.082329
82,132821.321251,140322.828983,145106.844664
83,80940.5718827,100033.920865,89333.6893631
84,92558.9405304,100422.323192,94936.248167
85,93438.852426,107060.675332,86022.6132442
86,111003.540681,116375.449912,110948.415121
87,111159.976761,118664.179628,119311.034058
88,87295.7146975,101886.101253,97607.1055637
89,137876.199207,147823.243747,111140.409187
90,112479.496815,127263.447716,106762.529298
91,128953.243462,142500.184308,153546.535426
92,113640.64742,121509.658927,122086.1991
93,90399.1160403,109655.562894,100008.432866
94,172944.434664,179096.842712,174102.969747
95,96129.1966055,105531.812638,101342.514039
96,153436.901692,148167.546783,145070.281983
97,103303.336314,126883.446648,112032.015922
98,154081.636842,135240.694777,118271.268748
99,131865.167965,135166.935059,138480.805257
100,145676.168923,153358.54535,160238.025847
101,99613.0111453,109981.941427,102257.277075
102,100667.176904,111295.878551,107746.153431
103,180659.531672,170321.534268,192385.217623
104,133478.296876,149927.318792,145105.390298
105,157334.086091,183619.948424,176385.117347
106,99545.0872548,114521.222355,104863.602668
107,260048.162485,269445.1693,269956.474541
108,136693.162638,150473.63321,125166.114248
109,114186.015495,126488.949337,122220.120312
110,176977.449465,169478.342747,188859.30115
111,132383.092071,135079.756205,137906.419538
112,197979.673417,210001.606883,206345.840963
113,137249.913045,137687.000918,144134.332854
114,161568.414043,167676.186909,163000.289511
115,151974.585581,185863.40796,170183.809093
116,135505.288068,133795.516673,144650.235605
117,131628.416919,154342.303688,154119.593136
118,116396.732912,122201.886401,121533.371426
119,184792.62257,192787.010039,200904.475202
120,120191.336886,130024.353769,122355.81216
121,105842.856646,115741.93911,111081.19482
122,181488.624335,182818.220033,174142.619144
123,184043.110207,193601.369339,185833.194124
124,120073.037898,135967.208048,128043.011226
125,80001.2989964,99969.991968,81698.6582616
126,88056.6387459,102877.386875,94983.5572184
127,152555.861403,149686.523778,154078.471728
128,95955.6412769,107579.05407,102743.549774
129,120221.486893,127957.035053,135256.186898
130,102594.248072,110154.900621,106257.591823
131,93735.319466,112061.417005,83453.2750454
132,95979.6668447,104046.96088,99756.5890613
133,194007.151613,167000.598283,172557.235769
134,119734.688304,126318.427492,104368.261262
135,155476.078754,186803.072944,174526.423775
136,136140.032058,149966.66376,151982.827443
137,131009.652551,125150.453392,133692.768068
138,122892.282586,132528.720653,116148.946208
139,148487.928348,153657.910185,141333.602372
140,81178.4834776,104828.25171,85965.6382435
141,104342.39661,117836.742002,101835.608632
142,75728.7494209,92948.3011541,89124.5965764
143,188990.023833,178898.620305,183300.366682
144,144610.669636,180884.897919,157550.106397
145,198431.855968,186561.640299,202889.182001
146,155305.699593,158348.798425,155161.816886
147,149495.903608,148754.693193,149140.37632
148,136380.592295,138667.66138,143221.147439
149,129450.829605,136034.928613,132891.163116
150,144554.438529,159251.708998,147226.927193
151,154985.927882,155116.141643,157148.641904
152,152383.662798,164193.152964,153810.20521
153,105135.068316,121925.51345,107964.00667
154,104284.282487,104204.893419,98292.5804776
155,108015.292893,122233.732429,110157.052499
156,83503.8745749,99851.3384965,91632.9441106
157,99289.6201419,132723.637342,118049.916521
158,101079.705028,107663.786998,107746.153431
159,141594.704236,151422.600122,143692.588287
160,110580.480627,126009.006351,116863.075563
161,142200.744306,150198.636519,147103.396265
162,204648.504048,216100.095077,178873.302951
163,185470.394919,201960.686792,188859.028318
164,108408.674672,123518.108718,118625.355422
165,194683.327228,199234.139868,213678.292002
166,179237.454385,210851.330943,194020.283114
167,202798.743788,215179.761169,189050.292266
168,121898.504729,129922.365233,138198.889677
169,251134.292452,243766.10862,197857.142732
170,164053.786411,178140.0424,162671.693033
171,137211.500334,152877.751101,143401.868597
172,145442.244105,175675.703559,169201.86946
173,138211.805049,161338.349119,151817.543813
174,176052.269291,188532.397786,160049.590916
175,183085.951157,188957.309036,203034.849121
176,173440.164042,203291.714226,182733.024373
177,145726.666505,154878.929084,159237.836767
178,195801.06677,187761.144491,212018.405421
179,285574.289008,275454.889768,284244.949046
180,175945.675805,203997.546476,193702.017522
181,158358.199602,173351.073236,162892.205729
182,225086.864789,211240.485849,208153.695262
183,171968.488898,190616.070663,162872.012432
184,194859.421167,208397.233836,199264.365244
185,157134.132024,159755.60606,170574.335607
186,122474.672262,134530.8965,142891.198323
187,144295.687686,147759.911016,140313.370742
188,109848.929042,120449.273494,120779.289229
189,125588.425719,142339.57567,133549.474944
190,106893.726026,114861.604054,115671.256257
191,91906.9835386,105371.854151,98625.9334497
192,95783.085497,112520.109469,104839.080501
193,203851.05769,209412.588437,197421.458105
194,159035.290396,146869.57144,159232.384399
195,134012.972005,138013.148389,146371.29189
196,145926.374609,157157.827097,162282.023063
197,128710.668629,136958.628755,144248.607908
198,118742.342862,128548.898772,119131.965085
199,143593.028893,159192.629206,154965.107291
200,277446.105631,258663.694191,245317.301254
201,150126.285602,159205.306325,161432.496421
202,223375.521648,217697.847499,218755.02353
203,363263.778437,321894.379792,282926.529078
204,193541.676536,204395.466986,201797.563189
205,152100.234553,155356.292476,151558.700378
206,167002.885602,187593.160448,172071.783516
207,150967.06775,165438.772738,163725.245343
208,144819.884637,165118.514962,153479.120611
209,155351.22636,162413.23969,168242.565758
210,235145.735524,263771.072111,217475.696973
211,286067.469593,256110.814722,240680.074346
212,178437.882114,207728.316176,184056.769108
213,194779.126722,208869.153514,194908.571712
214,192364.793162,194953.523403,199712.873111
215,138558.064766,143765.986716,152035.967603
216,176497.795618,177732.738462,190498.404789
217,331692.540511,313168.945764,298258.806336
218,196479.508312,191170.206755,183155.557516
219,176525.569272,183032.28102,156063.49195
220,173535.460556,171108.10729,176902.161497
221,144292.462291,156642.884211,146391.035916
222,154262.632209,166186.859357,162828.228796
223,125334.46311,140833.033025,138969.532673
224,147867.538487,173062.108549,167476.412799
225,150462.641904,147928.010917,153911.640026
226,126767.05644,134406.124637,137168.526847
227,135881.398588,153916.514027,150623.547443
228,130298.5597,149016.432405,147536.932802
229,141579.514866,154070.109724,137708.881466
230,123478.399158,140833.033025,140351.335558
231,153873.266275,161842.595149,145754.409399
232,127396.313609,130867.181407,135238.1933
233,181690.936836,179293.60614,190511.429603
234,118887.309036,123091.087593,128085.242295
235,220686.394087,248149.21081,234257.325839
236,145345.473017,162980.100398,150276.478834
237,198825.074428,225628.864815,199016.452087
238,209355.963186,225590.356969,177611.225495
239,252493.644218,253277.37472,220698.414265
240,176146.483559,199292.547681,175026.406198
241,194023.80465,209191.515733,184068.635467
242,198705.793787,218109.204914,195851.843678
243,154914.097113,182205.738681,166450.058676
244,138477.788196,149265.636288,137779.677778
245,222973.294494,220686.505282,232736.424562
246,154543.523574,159052.415577,158794.349174
247,138671.912664,153605.851691,153190.17674
248,191934.901194,212784.16246,204321.222551
249,153470.38621,160800.581962,149274.332849
250,159862.60036,171113.350953,161022.305347
251,164022.714229,174696.127425,154251.723329
252,160561.365469,186058.200844,173731.055081
253,138983.776119,168886.540925,157454.537279
254,134689.95873,148328.293474,149539.746354
255,130121.792635,124766.780272,127782.841828
256,134144.779851,136645.755623,137424.641843
257,123185.127273,140009.648616,128833.180769
258,186669.341878,180542.592484,195146.513959
259,175640.584282,203957.350014,167551.317161
260,131196.611197,131493.955536,138080.657541
261,113960.369981,132464.29424,116647.916337
262,130365.45729,133140.27813,134663.680256
263,161704.072122,172070.282458,166632.843348
264,216470.663844,215974.871002,212060.325832
265,145136.965058,151970.308736,157955.014225
266,136042.760469,132458.92884,150817.654503
267,130785.598982,126919.907129,140454.987931
268,127152.422216,143804.712443,160621.115459
269,171106.784758,185070.835631,189583.849628
270,116234.433059,125817.472737,120279.491508
271,107438.592992,121763.769861,114641.65092
272,99860.3506786,107860.436363,103328.728942
273,98853.041414,122636.797151,109678.828906
274,93224.8681262,102738.894531,97892.7953198
275,89037.4814847,110069.268503,100936.58087
276,156028.725331,175805.017009,158762.77956
277,135100.10889,137168.459066,141796.733338
278,318496.649321,306672.268817,275450.746546
279,192807.901505,198862.394067,202775.993377
280,141589.167297,147290.245736,153070.503798
281,143349.697438,143725.950534,148769.233768
282,144063.199773,153173.599774,159834.304402
283,146742.370832,173942.507765,126425.444243
284,171938.832073,165191.501982,168057.14707
285,152816.553164,175791.03135,156340.408712
286,170492.506273,180891.411718,171321.556243
287,218947.225188,234459.534173,238835.559838
288,133050.490724,136730.664151,145733.103695
289,131311.775286,130282.095455,133209.934805
290,224970.871943,242798.953035,243351.576312
291,91795.2874044,106266.705383,95894.9689301
292,199562.982958,204739.838215,205600.280851
293,177040.302206,202779.26872,197632.221672
294,133643.140771,134835.542324,150039.749182
295,104804.097742,116800.934677,119894.539052
296,91535.593922,107516.838138,99793.8506122
297,141500.391536,137974.315134,147991.700572
298,141843.835613,162029.353087,123571.511967
299,131252.337403,146414.980334,151359.317164
300,149910.467303,149110.976149,150524.138014
301,210753.783838,212226.281109,216805.326236
302,188819.05105,175079.280875,191474.39076
303,110849.301294,115559.22138,110461.240103
304,149125.987585,181159.748277,172139.774546
305,188941.16213,184589.046238,198244.03903
306,140412.263859,161045.709923,129929.273901
307,131660.383644,138974.419814,141901.433964
308,189522.994541,177350.987382,192922.130716
309,114921.25124,147362.611779,134349.633223
310,128028.143544,120974.820065,123654.996417
311,136508.299337,130423.93948,139734.012986
312,157168.958266,147763.162837,163190.555032
313,202049.534185,213205.778506,186122.993988
314,128813.345026,139068.516027,140511.862942
315,108289.360625,110625.331775,107367.356901
316,89601.813383,108626.568045,99227.0289514
317,97762.8756735,113055.049914,106665.778831
318,119019.707076,119393.053598,121147.518206
319,140436.10768,159238.010322,160602.119696
320,136232.845736,145997.019624,142547.473062
321,104085.75637,118555.654517,116361.256891
322,116422.033215,123221.344345,123433.60659
323,93232.6664048,110998.895709,98252.1368204
324,106549.336917,108888.074399,105576.242434
325,189724.742218,203777.077168,192793.344065
326,127879.832399,133582.762909,132131.193873
327,79272.4662937,98607.4367812,76961.6615269
328,88937.1255201,103475.234042,97900.9199579
329,88201.0878617,100151.936832,93197.6026295
330,229354.620025,229140.385546,235542.926266
331,145374.702684,133530.868474,148030.362732
332,140358.31833,152800.40039,149608.419369
333,131142.298275,139148.921957,140946.757745
334,112421.265287,117960.910693,116810.18679
335,119364.689057,132994.787101,125860.924534
336,130512.450024,142161.746557,139114.642242
337,111454.504576,118265.714035,107455.732745
338,90667.6781198,107019.37902,93466.6252312
339,120625.127501,126213.422052,124901.968444
340,133875.659216,159627.111671,147839.320459
341,121873.107486,121100.693991,127683.3171
342,131902.715469,132615.042222,145899.329244
343,123193.85893,143286.95384,131256.553308
344,103070.721077,117288.012141,107083.086616
345,85366.9136052,108357.347793,102570.950217
346,134411.56085,145076.822517,151936.292516
347,96420.7021358,109190.405259,102844.348629
348,109444.715292,121626.931533,110740.821962
349,151654.017296,159234.975127,134331.796156
350,123047.773234,134769.508772,134226.558642
351,123851.27285,139903.737626,129276.655815
352,123281.460131,152754.876257,134083.306834
353,108711.38261,123464.870318,106609.255596
354,66721.6260909,87190.5381486,58671.8265489
355,83560.8332137,91961.8151636,91190.4431338
356,116169.851691,123963.67911,125080.856309
357,135593.166531,138996.067922,153519.221172
358,95286.7743797,114479.467216,106005.429515
359,73818.5027715,92751.9589108,73078.1517319
360,112878.339323,111010.785214,113767.543891
361,139108.853672,138832.873213,150917.724371
362,92013.7218864,104831.191924,100094.48412
363,143882.611338,139310.485191,145516.265587
364,128781.249594,141814.670746,137752.185465
365,92893.637408,100941.325504,96410.4774568
366,84712.4144187,104414.426518,95039.8523161
367,128177.228757,132203.881354,111173.666568
368,111938.619659,116775.254015,121964.391005
369,136185.344892,129900.233481,147200.118675
370,129830.767525,129352.155783,134491.450635
371,149923.481801,152285.364757,151525.720518
372,138463.185561,132783.27709,144832.266133
373,100346.006604,116998.654877,108300.115411
374,163801.187498,148231.539658,156941.077764
375,184651.410006,179415.544914,181929.948825
376,102692.571614,119216.060806,87360.9382929
377,116324.221406,126540.737939,127557.588329
378,78973.1426711,90512.0901803,84318.5818271
379,124038.904464,123407.947161,125274.132979
380,123027.267691,129168.319293,132331.31321
381,104769.409614,110243.515379,107100.957276
382,130452.348701,142030.051252,128492.550116
383,105423.210214,113269.441435,114403.580063
384,157913.146135,185095.275308,167374.16226
385,147700.739892,147474.149769,137471.055473
386,240258.207272,211381.932361,219661.454912
387,94793.1187323,112587.599767,77025.2872315
388,141877.909827,137982.194404,142585.516059
389,114277.256916,134337.49791,126014.56864
390,181054.082647,176050.534909,187340.53174
391,95285.6259377,106264.772647,80636.5011161
392,117276.479225,120836.92245,116720.629446
393,127229.863984,127709.736751,134394.030308
394,139345.121,144600.80134,154407.318799
395,224450.614706,235896.082811,229418.29154
396,155279.274307,166610.507573,163978.824611
397,126153.673149,134393.412057,135835.503468
398,116865.249918,116529.83977,125054.482433
399,142059.371003,155643.543827,152343.218994
400,118060.352601,123230.898207,128539.923009
401,287233.68891,251775.135622,275930.766981
402,238556.845351,214239.961099,235649.672333
403,236059.389142,214239.961099,231397.63945
404,146649.596857,150664.833946,147402.427778
405,156646.313177,171863.418909,168729.761685
406,138083.904442,154926.68158,150190.391681
407,180229.834781,182815.634537,172824.694102
408,151048.599171,169008.723385,173802.401474
409,147639.613115,159047.436686,152207.419486
410,203659.089933,211295.014697,202464.804609
411,126380.251526,137423.547274,142869.859451
412,169444.601719,182987.393363,186479.773395
413,129524.249828,144792.329593,136437.161363
414,145802.276369,162171.393984,160016.05353
415,160091.467858,158990.812626,173166.474195
416,133510.513687,159335.008399,154353.860264
417,164600.61976,172775.75297,167295.45063
418,121178.33735,140859.816592,134697.466189
419,113075.478228,124803.398466,120510.830004
420,157783.329797,176865.893548,167019.30891
421,157943.024464,202972.518222,170343.073496
422,135094.029696,138619.196726,145170.208099
423,132813.47958,149599.078813,156105.824279
424,152679.565069,162381.182112,154943.069392
425,202049.899548,206581.99577,192358.382728
426,142906.786468,166366.446192,159633.259274
427,165877.90292,175885.450378,162709.478328
428,128924.439463,153996.009482,141070.486515
429,144846.190087,161300.559261,158346.350018
430,124968.126006,134123.376373,137498.429686
431,113179.611445,128799.405866,119198.410977
432,131520.777346,141221.643324,146850.82819
433,130305.021812,117319.991473,129842.143397
434,130716.679503,142665.724794,140156.530514
435,125864.382742,133740.427468,124212.147064
436,125112.396859,141841.773192,115729.633052
437,102753.862125,112932.286282,111307.799999
438,109013.93485,108102.467626,110540.333063
439,104736.152251,140542.839336,103156.403584
440,143095.299631,166967.117969,170186.66863
441,180633.469234,177302.353476,190983.057852
442,139085.233635,169590.934242,162763.009963
443,126593.648189,129025.575298,96812.5903684
444,177531.832658,173860.748037,190398.256083
445,183524.060297,192043.115711,188581.540125
446,160463.561072,175800.006903,175070.102071
447,89533.1619154,100721.417049,95036.3270202
448,114538.694356,126729.643517,130149.507638
449,130260.363554,133708.97436,129200.233215
450,229067.374912,238469.683321,232384.230576
451,194671.22921,214933.481145,167401.311357
452,150068.907172,184864.413447,172925.885015
453,63575.9042645,91799.0176369,58303.4325301
454,133500.228438,133155.430848,127855.61002
455,80592.3955396,92430.6946114,77250.6371895
456,222366.838327,252397.299152,222087.699069
457,124107.036526,141401.725172,131290.572891
458,173316.887956,187754.22294,179879.607655
459,131493.066764,143713.657032,140581.200346
460,173742.077378,199116.716142,183573.9558
461,151687.621027,150426.16175,146503.003131
462,164249.329144,168558.500302,179478.58257
463,190351.965037,182281.870879,190599.882712
464,207445.759694,203899.608565,209619.138937
465,197507.126293,207023.0433,177553.00712
466,97290.9174324,118587.33547,110390.201821
467,126850.538955,137210.077387,138129.623058
468,95464.5070393,114953.429342,103148.212514
469,111725.258593,118051.013442,123635.394029
470,122134.458012,134914.846359,120102.472711
471,117275.803459,137406.367283,128331.724608
472,198487.71148,202728.13335,201312.138418
473,156415.020693,179319.554797,171714.571429
474,176336.0848,181694.454169,192581.337411
475,148216.910379,150650.914457,154831.019285
476,196970.16381,205049.443887,206058.17475
477,153850.489878,168595.380183,162573.035383
478,186463.409034,188728.029695,179337.872427
479,155528.993114,162063.698303,151612.788598
480,159060.415816,173719.788054,180350.954919
481,185302.843494,180513.660422,191093.913655
482,166792.951183,171717.133067,162979.626688
483,157083.803081,159661.230455,154509.266455
484,159856.75143,179370.535108,175126.084669
485,135257.263388,142651.72583,121815.941538
486,138933.974257,155143.141437,154260.746135
487,167251.887822,178007.205707,167806.982889
488,170067.598049,170174.933165,177441.458429
489,135522.718663,133142.003494,138755.854838
490,162506.633073,176297.259047,169007.685367
491,162476.595559,189056.649176,181282.724018
492,128813.754818,129650.225462,141498.741912
493,136312.66364,142418.467496,153572.940605
494,121593.20924,134358.978061,101527.550393
495,244175.065907,243179.579467,232672.511691
496,132842.125155,134619.124347,145876.999994
497,164227.279023,202951.106459,177538.291085
498,131590.441072,139661.306425,142725.370277
499,93530.5949208,103551.967411,98743.3702468
500,102753.862125,113399.599095,108644.604783
501,89170.0220023,106642.169378,100573.888614
502,100692.155418,123664.921055,108944.273934
503,97525.71199,115610.905179,107803.327118
504,130283.500188,134561.6497,142421.699782
505,139511.504371,145557.561511,137544.565526
506,147821.620485,159082.833792,143886.614611
507,188736.88546,211543.163095,210712.329861
508,220829.404571,220341.627835,215193.532418
509,176454.121341,190713.266919,196050.147922
510,186642.06707,237223.684436,221879.11531
511,179173.592552,196982.311924,173986.874695
512,154283.529157,188364.700483,167535.436992
513,160279.745468,156714.964509,151018.676954
514,242881.60822,245141.399944,230986.386543
515,184440.9969,228775.384916,197256.9203
516,200354.982693,210352.17509,194193.713789
517,192209.692847,220429.493224,186762.370213
518,231040.480331,219365.145316,229541.309436
519,144398.610117,154074.693962,157234.917187
520,202909.456014,205928.593272,196218.107198
521,144120.313481,145787.869416,142947.489825
522,144351.780202,138391.790812,141938.179841
523,189786.963084,179281.474551,198234.239112
524,153784.840182,183698.820647,174285.37389
525,150257.693621,191064.187083,174834.104595
526,138006.099512,131925.317838,146820.282024
527,146575.729373,173026.5419,166342.362995
528,183241.234972,198744.142488,200132.804694
529,138435.538782,152918.729792,154892.256232
530,182544.229539,186170.221859,179713.879642
531,143394.785622,180726.241384,165523.324846
532,135716.688409,135656.331599,141700.596106
533,171393.61324,205446.828933,182317.582108
534,126433.085873,130999.824724,141053.677573
535,266536.533446,248380.53747,232773.253422
536,213902.196679,222134.253491,223227.709649
537,180637.28438,187545.145424,177612.855342
538,159537.3226,174581.79783,175836.689123
539,299261.115617,263997.954959,266936.852997
540,255461.507308,250984.017085,213769.100157
541,137305.830544,163724.312427,155243.918191
542,160622.425603,196015.651035,172057.390554
543,151195.111825,176070.042466,159813.004309
544,130783.225201,132617.233917,123423.849211
545,147109.934424,156646.743239,146289.886168
546,142590.498043,194092.717512,158391.855798
547,134431.436961,133597.421573,139424.978797
548,166780.995403,187222.2586,175895.897668
549,139781.128405,153858.911712,155613.615685
550,111616.628389,118020.494314,123186.785555
551,142128.180585,149710.433436,148938.242053
552,153751.669998,169343.468876,169013.347077
553,192969.77388,196474.160944,208872.342771
554,143019.580963,172429.626232,169013.347077
555,144583.374545,152060.635639,154857.386052
556,132489.729999,136815.965133,149809.871446
557,117197.837324,123258.848859,99552.3608926
558,83862.9682992,108747.202667,84442.8231016
559,106199.667272,117412.903053,86106.7497364
560,93785.2726543,107742.741391,106047.154493
561,143406.422469,159848.960695,156446.851224
562,186564.326215,180423.717015,150991.514985
563,266735.521629,265137.740601,227027.480677
564,180597.64934,204200.359638,195882.292905
565,133815.681486,128095.804801,139227.980351
566,132574.185147,153151.104893,139629.655906
567,121538.133897,146700.56556,137051.750301
568,147124.355589,144913.431996,149608.257235
569,141267.401411,168657.712184,160538.694877
570,131420.313069,138137.308763,142944.005909
571,131624.536213,137599.250238,145357.124281
572,176956.158856,212427.745452,166596.525919
573,118902.059152,131115.760498,128589.13438
574,163287.331763,165102.506806,165182.416571
575,136777.424992,139816.156718,138244.024391
576,130997.353711,133341.985831,130977.609562
577,177393.623608,202325.390803,190210.4961
578,134175.858851,144228.688896,137146.669607
579,258982.88942,255922.360356,260051.888252
580,133086.148022,154644.550885,121405.322728
581,177332.075604,194562.706086,183290.359548
582,188860.725141,192863.738845,204540.300934
583,191418.580971,199005.418037,193031.226567
584,138679.238393,157017.973593,157275.396553
585,168734.342249,172842.588745,171005.268016
586,134926.230457,133469.462484,134663.680256
587,116427.735223,122276.994016,123200.11934
588,171719.003433,164805.998036,180883.833926
589,132567.017419,134781.618962,144722.742759
590,105237.563794,111642.400025,104661.936493
591,129942.00074,149140.888291,142445.126736
592,119089.568551,121935.145643,110862.794056
593,87277.4522085,105332.690524,101390.183148
594,161899.78982,143927.988541,151564.514192
595,123512.987064,133940.786522,100517.370191
596,118674.568472,129877.964771,116164.670465
597,147216.967638,165691.688244,147172.720926
598,133974.806637,143031.634487,122284.205284
599,143451.833219,149189.147968,149278.908728
600,142957.477078,161118.108893,166682.967985
601,119867.279358,123136.425419,125968.957927
602,86863.9627053,103770.503116,96196.282823
603,119913.299961,123372.249716,129138.014927
604,116021.690536,139352.200661,118063.101908
605,145731.719309,145123.530804,162075.795252
606,152684.230189,145428.317588,160525.825484
607,182537.878036,179832.336425,193446.529294
608,95911.1729999,103242.224812,99360.8827474
609,90004.2850946,104401.143796,97640.8940942
610,93498.7440888,101746.047193,97078.5731778
611,139163.422235,154764.271945,146239.847007
612,135521.710891,145223.53568,132102.473123
613,138299.654575,130125.790708,134467.74526
614,112956.464811,116241.126545,112848.510526
615,101677.124905,109224.965364,104921.479619
616,129131.360425,123269.05976,121528.230692
617,104842.488229,119728.328629,104969.265865
618,131719.477841,145648.628777,146052.934025
619,116119.565218,129340.527505,119190.196589
620,135687.591728,163130.19807,149240.738114
621,139617.642374,140576.865091,147207.19804
622,132180.141025,126029.353359,133443.198632
623,88791.9873319,103598.20762,99170.8850872
624,113429.93904,121490.009851,118117.73144
625,119251.063585,117373.449414,120837.221866
626,95541.0302816,109421.230097,100797.570184
627,88843.2800914,107799.868875,99018.0471747
628,72623.4163497,82750.0290063,71402.0909788
629,124396.349002,129820.773265,129348.315966
630,141311.015301,145867.61475,136381.879416
631,144697.343817,147821.704702,153818.807633
632,135970.707139,149004.811413,118028.702103
633,79601.5676212,88410.4975798,87913.7686334
634,155080.851048,152465.616782,126310.513967
635,80362.0217647,97104.4496671,89080.5077402
636,81062.7934617,92144.6183463,86741.5391561
637,144590.801123,151256.534757,146741.070762
638,88376.0008849,114941.741441,92270.9534148
639,121745.889151,111294.554497,105177.213464
640,140903.032125,167939.146563,161220.212444
641,96116.2470516,109943.711359,86658.9385872
642,81602.5654411,100234.550699,91534.4913883
643,143198.691862,156602.262539,156225.787295
644,107347.494,117403.603512,114846.785093
645,109614.265023,110700.980296,112724.833758
646,142333.969171,164785.091506,160317.302715
647,96456.4106474,121281.727252,107524.65456
648,96587.8728891,107849.261884,102730.320103
649,116747.841206,122306.825013,121101.17116
650,125598.792117,133520.786663,137295.454182
651,178019.226048,185102.283831,155345.143447
652,96223.4328312,116201.129354,108571.919412
653,87289.1202306,101842.618501,98539.2043987
654,132506.359412,137854.351937,148177.679529
655,90164.5753594,107907.301115,82078.2835541
656,129197.202132,130238.082442,133747.91788
657,93957.3821555,112431.531963,87944.5523471
658,94441.2178649,106241.351364,98840.7940374
659,117033.892395,153426.857112,135176.502726
660,82196.3298647,91832.3003643,92555.8987323
661,96688.0692523,107809.602052,102292.408104
662,80118.6941013,100731.759618,71655.3341652
663,201954.040474,208137.431744,168748.430939
664,135689.690653,140833.555916,149037.746104
665,125576.551189,129398.891711,136393.370877
666,142041.217812,126069.009475,142734.474135
667,113767.829085,123120.047692,123854.407991
668,86201.2036402,98218.7706181,98539.2043987
669,136181.027756,137420.842431,141037.426671
670,175313.012647,168504.712239,181681.087121
671,123051.065165,149747.640037,117029.003508
672,96104.547372,113635.226899,104960.538019
673,90022.9316842,105837.367172,84246.3336545
674,77485.913422,87058.0137267,81661.0895172
675,89231.5948394,105831.948747,84625.1539956
676,107021.017991,125654.803368,118335.047891
677,138641.102233,144214.319275,140189.156567
678,151264.087857,151336.396869,164034.616731
679,108114.390923,119698.967611,115012.182577
680,98810.9195088,114557.958819,114034.484007
681,103002.504623,111357.231846,106544.359873
682,139727.555511,151518.778979,139346.048748
683,157864.530686,140192.253315,115714.527323
684,95477.2498625,114313.265287,106290.207334
685,161361.848955,161962.462893,174171.448319
686,146145.76953,155748.581333,156362.046801
687,119624.128962,138652.857165,136543.384147
688,121783.997182,145430.231426,104608.86865
689,165529.701186,175932.493742,175941.671525
690,101520.988962,112217.826949,89249.2923443
691,121581.319636,126143.795056,137270.883999
692,160526.989176,189150.62725,173666.374437
693,111558.51901,127687.56703,111915.745445
694,103082.759266,117070.700066,111680.364056
695,273100.86038,284196.074002,235843.512715
696,144639.568144,181684.611971,167310.32596
697,250248.356649,244420.747283,213907.457814
698,158299.710797,177599.727258,173248.005125
699,119889.317952,121557.324606,128639.437998
700,204125.629137,227171.181303,179942.523442
701,221864.946816,249799.027823,238582.90997
702,233408.049618,219372.483635,228310.645452
703,182397.845922,208284.531583,177549.925614
704,179720.897722,175612.416179,155865.820294
705,116450.123735,125192.256846,122686.123622
706,163821.79542,172440.239008,168760.396302
707,157325.89621,172108.612116,179334.955821
708,129746.161622,136864.78182,137768.818918
709,134733.318006,154126.239893,156692.334362
710,135788.070481,139021.855356,145057.015458
711,121741.051312,125999.371207,135063.095576
712,181047.302709,179376.502476,192610.691328
713,162815.964174,198391.210036,180838.700712
714,180808.505848,199194.440547,194899.100574
715,176962.633568,181815.523907,173916.783284
716,204684.245811,235811.985007,213954.373311
717,149250.144218,161808.254068,156859.126886
718,102680.021357,115066.010452,111323.905173
719,249006.667743,260782.288219,253712.996028
720,171562.245323,169583.621739,188075.726009
721,172888.294633,175866.005981,183604.265789
722,142415.884833,143342.740575,153936.618799
723,144671.830199,168772.293918,161830.676057
724,123203.449177,154118.974145,143171.76351
725,134368.98448,133538.75416,138542.58473
726,134955.851546,148631.300051,148309.246291
727,176711.016255,192973.361041,199367.624995
728,202238.209718,215663.890259,201479.674065
729,102969.362567,105937.64503,108736.671268
730,117895.929935,129648.285547,116845.055995
731,122730.087435,133532.56899,126042.74994
732,95677.8601459,109136.584141,99221.7343513
733,79612.6316998,95370.6147674,72648.0995499
734,106976.715779,118332.704511,115215.992835
735,113380.828562,120541.11484,112521.919516
736,102208.15509,118092.76214,115087.315523
737,123856.073857,128594.192809,107503.071323
738,219776.849171,225122.883062,202339.528471
739,121323.57955,130294.971063,101521.984141
740,123324.54081,131420.615815,125466.335543
741,125406.707999,134849.425303,111440.671591
742,133012.612806,143914.443367,117992.068206
743,139972.814593,140217.221695,144173.348841
744,122678.565305,129462.77971,123790.198135
745,130626.548599,141507.300965,140534.585569
746,118370.164837,136020.086956,103560.019751
747,190599.439964,182578.615735,192887.636486
748,166754.643162,185214.628815,169601.327062
749,109788.513496,131562.163679,117933.13226
750,92329.4973739,108056.038827,97099.5760801
751,73229.6506847,89506.7474794,82388.2697011
752,98286.5174917,108912.115125,98742.1510639
753,149672.03244,156111.435295,155964.139828
754,87630.3029246,102042.276786,94952.9701383
755,139643.395518,143501.699263,149686.083464
756,87712.2752661,111547.978756,76783.925216
757,77245.0974481,96920.9903816,76629.6926671
758,75858.1743748,92649.8365042,89136.5613733
759,71824.5658698,85559.7732045,74051.2710361
760,137909.735904,138942.542259,136339.9256
761,149108.744914,154174.205577,156163.865719
762,166998.525744,180775.702951,177969.428762
763,150319.340205,185748.078888,174758.899776
764,136790.688535,154679.455991,146143.607205
765,165593.323957,204209.576334,185669.081037
766,151106.586369,163876.1665,165934.272648
767,136272.975011,142159.851811,130566.746978
768,191323.973516,186704.903533,189323.943548
769,151013.899674,160578.770866,166245.595063
770,150107.257619,150409.396222,160845.793844
771,211360.060748,225370.282642,222312.615394
772,204405.340309,197021.129789,212236.164869
773,145412.028758,154074.025881,143120.493045
774,170744.221443,181191.509928,175137.886905
775,145471.913181,160675.547647,140574.638715
776,234101.962471,225276.22231,216019.851346
777,146276.637222,155737.643569,157579.304825
778,104940.290942,111506.963879,109988.065462
779,125620.782275,123732.745978,128813.613361
780,140912.010804,146831.242656,152305.501422
781,105000.551714,113328.897494,108550.030763
782,140929.251498,156007.47441,142555.129829
783,87684.0321641,97665.9515542,92420.1313949
784,108939.260279,113096.287485,101342.266643
785,142781.247523,143943.114683,116382.767204
786,102129.408182,109175.838426,99259.2194968
787,87579.6723233,102245.833364,97607.1055637
788,96798.9806694,117632.956024,87901.9856467
789,103921.375219,111988.635838,109469.856696
790,137341.17195,138745.55261,132323.103637
791,132213.41123,129073.361457,134148.954375
792,116972.604585,134476.469017,134551.848791
793,151024.120843,167853.144467,162832.611392
794,145670.390675,162846.281876,160119.362742
795,140021.387238,135739.98364,145446.440647
796,196709.293872,222444.87236,227512.343117
797,132280.593216,139708.056391,137831.052369
798,181215.628097,201680.484518,192476.135507
799,127517.443962,125947.49837,131055.588851
800,129710.112758,144208.988108,131251.989957
801,150361.953338,150733.316434,148854.4722
802,229872.056533,219382.280317,213083.744134
803,257241.764491,237801.974784,225032.37648
804,134377.905603,150476.877508,151226.232301
805,149625.827182,150380.184013,155196.467547
806,157258.32152,183358.667374,163181.066956
807,185160.608745,200283.884998,182616.596272
808,136650.425194,132065.767856,143969.709006
809,151312.649498,181805.955613,183226.139843
810,148846.956721,164258.716119,165356.528775
811,241153.932568,226032.20647,234220.101994
812,138115.054301,139762.905913,148369.285935
813,135833.030234,143501.117151,150651.778069
814,219675.915367,224184.716864,195599.785133
815,173134.631477,168702.356777,172740.406558
816,160772.923606,185554.826684,180302.962289
817,126630.070465,130958.966049,135500.970061
818,107519.285005,121424.615838,115230.227057
819,118366.040757,127404.458832,124862.049728
820,194169.298651,182120.679079,200866.625512
821,184106.470195,189912.899469,188023.695647
822,84203.1289003,98886.3364856,96001.6222487
823,91778.5687632,106110.522128,105095.548648
824,100994.868771,113664.360134,110554.668265
825,106720.121554,135577.272378,118705.582105
826,168283.026322,174753.802658,178097.06051
827,159953.526693,151615.57874,151643.895244
828,249329.029428,230222.920443,229967.529978
829,170812.763582,190680.37271,188681.055551
830,151442.279466,170186.099034,163864.763214
831,172247.11976,192175.943952,190981.650616
832,262677.809711,230296.308312,243954.815143
833,195509.695066,224425.135216,225237.133121
834,215227.608462,207954.957384,212280.458875
835,150055.891305,182868.273126,161780.198125
836,181109.350184,201221.990044,175123.646585
837,180497.728527,187787.017267,179932.214852
838,273657.608981,277735.681936,263563.944222
839,246246.901272,236408.638966,198629.17149
840,140534.867812,147475.262788,143761.72919
841,174664.283307,208172.379421,183042.674372
842,140521.990973,146241.380784,145113.461959
843,145727.560444,159520.296045,149776.998008
844,172323.095855,173595.180303,179610.280847
845,145727.804907,154353.423844,158707.278082
846,143699.821472,164579.230867,162866.251233
847,181394.423105,176531.463524,178118.999442
848,164432.466833,167988.43772,162608.519094
849,150462.641904,150824.460008,145325.48987
850,165686.451115,167541.140354,169326.272748
851,144445.835465,150323.159699,128695.969759
852,134520.558142,142834.191504,143795.720557
853,130557.780075,133655.202055,133268.440135
854,133251.179319,141606.134796,142514.94202
855,140474.320763,160626.135419,153486.902995
856,176319.736918,175882.1057,184965.055409
857,123783.699592,143849.353504,147999.95303
858,147067.70005,152816.272373,149994.008027
859,129788.559991,132037.935008,134242.798738
860,181033.581955,195599.913295,169041.371994
861,143133.726479,140494.170832,148773.666731
862,129179.480717,127590.268554,134985.426222
863,122422.350447,137679.424315,135017.613297
864,139676.753687,154433.968673,155271.230176
865,130233.059055,140612.961453,139606.254854
866,180195.909898,195980.87627,171818.242003
867,127299.911482,158903.328984,150312.120358
868,136889.529413,144777.826492,144357.659521
869,154750.345924,159450.437476,155685.567796
870,184601.230678,224775.601717,216072.711209
871,281960.608361,269747.119479,287139.221998
872,182607.472429,219240.676306,191633.035948
873,179095.214828,215575.658987,216894.289355
874,194229.999853,214942.95222,193004.093416
875,178376.14705,205110.422935,186423.975554
876,138076.223917,133651.355307,140638.1506
877,158037.329462,209230.897521,170502.741276
878,133478.46378,147732.599707,143338.890566
879,232161.126847,225414.604292,226099.748667
880,217512.22088,233786.21802,221971.877742
881,175401.084961,191878.523734,152157.906098
882,127747.363984,147041.715238,140096.513759
883,149876.335084,166949.895608,161668.062269
884,139404.377982,153578.328873,144198.521859
885,151836.669036,146097.879666,143287.932787
886,147516.821564,138855.945876,150342.285006
887,206853.807249,213596.814177,201799.244311
888,141530.77809,140480.726579,143501.268349
889,166334.831261,169696.685157,159975.680533
890,135314.072929,150506.419277,144695.386693
891,148857.056384,175825.973134,154588.577103
892,195002.118427,229493.878552,208411.388256
893,107202.614474,116455.798821,115191.603785
894,103687.359531,111266.922549,113250.302479
895,127058.97969,129854.70372,131257.657964
896,150685.489137,153021.20326,156054.094716
897,149215.589657,149976.518724,161758.30708
898,138534.971308,145334.616209,148430.831338
899,91862.938103,108891.428978,105570.565319
900,119892.581637,139483.806535,139512.996417
901,158602.048186,186723.384263,178371.861208
902,109810.849657,122826.057874,119975.567533
903,118383.24251,125818.94243,141523.349416
904,139017.980261,154302.402459,144969.705722
905,125647.312537,129386.511554,126356.833597
906,143273.629998,149148.729718,145053.289684
907,142270.594514,146847.111697,144793.164491
908,136382.248402,137820.518455,135100.839518
909,134074.120079,138619.196726,150784.962399
910,139642.770388,130313.620431,140811.361055
911,173199.181168,179426.32368,181989.554044
912,157303.147721,187876.986337,159555.084627
913,189095.535714,190933.783761,178081.225802
914,147544.987901,167903.632817,151882.01228
915,163080.888623,167603.680968,170244.231655
916,239520.459018,237285.056759,214433.770115
917,154857.149601,168408.241684,169364.384421
918,168595.458233,202111.363572,197588.620173
919,124665.463733,130096.846905,130451.027799
920,139737.449742,144163.76182,151239.441614
921,204326.185841,210766.03058,213219.569214
922,134040.65351,142868.415363,142721.106415
923,148427.009302,169017.785178,161051.044486
924,135286.686871,150029.967368,148613.361601
925,125219.897661,135476.70045,131330.001476
926,129523.817626,132443.227056,135936.681236
927,113689.531192,126739.984084,124422.416545
928,132572.260414,144780.528164,130096.025067
929,116754.710112,131467.712493,131794.314664
930,142018.645417,163219.269319,153253.052032
931,88690.6733715,105875.054572,96246.7723621
932,126964.385113,138339.803381,142837.886846
933,126150.037071,143676.17333,133112.186865
934,158539.154065,160215.601061,161062.834481
935,135347.030426,146406.046892,152008.867044
936,152741.061359,160897.403856,165966.448817
937,103240.558869,109193.003484,105209.245941
938,80518.8402965,95573.9280287,71583.0092139
939,68868.6296622,86069.7958552,58459.3470752
940,78593.0716768,93636.7858896,84134.7982477
941,114966.836872,120901.718682,110522.896406
942,197702.610711,212467.838146,207359.579982
943,128971.067984,129882.052144,136778.289845
944,174202.760996,176588.281253,160046.980579
945,124689.988212,135390.520455,135713.095056
946,104124.199496,114634.086441,104915.205291
947,139603.061824,151260.754486,150300.714024
948,122863.981917,137704.220718,128040.651289
949,142344.611516,158828.330855,155428.125687
950,96269.7552994,113527.232664,105385.841013
951,134077.528007,142687.906814,145463.198599
952,144925.457292,139339.807164,135917.78372
953,97720.5243533,109673.119121,81239.4814631
954,183460.01434,184563.819343,190950.631595
955,107404.850363,117556.763993,117085.752791
956,101993.34636,111244.036241,112850.810329
957,90657.7573016,113175.287807,85799.0802361
958,150413.117312,152352.007665,157121.206389
959,102748.709917,118652.95754,108845.178966
960,129931.262919,135926.57623,142407.041205
961,110032.052026,120650.405866,113596.865956
962,117043.075165,131571.911789,141639.413766
963,168960.286618,163634.681727,140647.870347
964,282366.167883,260481.78647,230859.387815
965,101929.290157,116573.82049,117697.527997
966,110271.259548,121377.795402,118475.351931
967,138698.00188,151555.772685,153297.975258
968,97627.4898793,113596.026232,103572.562897
969,106156.372483,113260.821127,112437.490814
970,125404.370532,128810.355682,131348.080025
971,119084.961244,137366.514801,128161.360372
972,134396.11832,125757.965923,140242.866563
973,126760.253292,131254.790374,132008.441831
974,131116.061441,138651.025233,140708.063154
975,93621.7976597,102042.276786,96230.7353461
976,94958.1377449,113421.05781,108644.604783
977,113242.131062,130639.129345,119562.992654
978,107815.522468,125349.510486,114239.991459
979,104481.697993,108056.946467,112070.014767
980,85470.5531667,112356.17373,83327.7092625
981,87963.5149183,101926.902024,97168.4470256
982,98794.0598137,103342.798024,94165.6716037
983,85614.9561473,99117.7088818,77463.6155634
984,92429.1507987,100999.482087,96875.1130434
985,180912.684923,184048.784024,195618.763012
986,142890.424142,146104.327711,139280.54034
987,155816.651501,150467.366645,161070.174304
988,103168.618676,116289.235744,107247.794728
989,123661.391178,123979.291084,130895.55054
990,100016.587537,116878.796506,89904.2244423
991,168233.855291,184091.681359,153726.68892
992,92683.7125646,107492.456014,101236.176185
993,117262.854351,127487.051122,124075.699892
994,104517.768315,119878.711155,110187.776217
995,121523.340206,124176.410859,125239.409732
996,101657.240712,110574.166925,107802.70503
997,110164.665565,121630.24607,118834.781905
998,86008.7500662,102221.813699,97168.4470256
999,139417.91802,145668.07728,139919.963949
1000,100463.818925,112898.979489,83789.3967288
1001,123613.561396,138571.935774,129070.812511
1002,104588.719882,113711.658549,115922.462697
1003,151221.121232,156926.737411,157112.919667
1004,121980.345405,125109.830213,111377.310106
1005,116126.846699,124673.792393,115186.556559
1006,94429.3476945,114570.904734,87830.4031385
1007,82838.3780324,102257.052316,92955.1820263
1008,84476.8576676,100350.544523,91896.1768153
1009,134109.276505,141110.421099,143356.22893
1010,130071.294718,131941.781044,147692.435318
1011,217177.012751,196228.27461,174926.695187
1012,111187.681429,120429.609527,119858.351292
1013,136547.043182,142557.717134,113194.499165
1014,133837.466677,153554.582778,155497.742385
1015,102385.604083,119890.853461,109432.363564
1016,125316.176917,147390.780065,130748.428561
1017,179882.874484,176178.499936,179734.872505
1018,104138.139223,116043.26917,113342.917619
1019,121164.940332,126863.828283,110699.184369
1020,128613.784257,154534.567744,144234.765745
1021,109531.579876,122122.801626,113366.391644
1022,108167.070539,123185.808086,111614.772875
1023,118755.176144,127879.403495,105538.253657
1024,110710.477339,139635.70468,123892.736048
1025,172944.434664,162491.425753,172502.022255
1026,158620.866611,193926.496953,144083.603801
1027,108266.458424,146488.101268,110272.732033
1028,133716.841225,134720.639818,147327.485259
1029,126943.582347,130044.769746,127859.297369
1030,93926.3832509,101419.150133,100328.562008
1031,157490.283264,166888.08111,157503.878503
1032,118839.095804,134730.621217,130534.472795
1033,179277.887226,167010.81108,177729.437706
1034,109144.419222,111556.858355,117919.308452
1035,260060.728267,249536.329056,239750.845751
1036,155711.492455,162873.98242,164674.896261
1037,94507.6263277,116175.787523,105145.981712
1038,85450.2810352,110782.033629,96010.8202034
1039,104225.368994,110321.77005,104330.897644
1040,120306.179488,128580.762897,136055.296048
1041,150020.704529,147007.726922,124397.425353
1042,118726.383163,132543.884668,109937.455319
1043,143897.623022,169164.937831,161331.898668
1044,189779.542914,203775.908024,188941.45777
1045,232029.162072,255170.782475,223699.590104
1046,278488.891802,261310.613785,261575.450269
1047,202161.154043,212421.299068,202100.20721
1048,142852.60307,153062.115831,154450.847813
1049,185727.930551,198986.843316,196989.174759
1050,134257.723987,132145.312511,138699.659218
1051,183727.983293,180378.311005,195859.334144
1052,155948.488591,174838.88904,171997.583653
1053,200301.654808,213843.979497,204620.856593
1054,134688.810251,147656.855763,137271.228094
1055,128935.848105,149834.789863,139672.216644
1056,113465.256063,138281.995317,125789.460762
1057,131634.962672,135589.619879,145057.015458
1058,179879.971805,193824.829063,199349.501563
1059,168329.239591,155908.05744,167802.943167
1060,181907.412896,179434.205875,192291.092849
1061,160722.081936,179280.521803,175172.273042
1062,116322.823872,131428.87662,120116.071294
1063,117523.707039,136566.832536,126984.34857
1064,119488.525096,130421.730342,134862.574052
1065,125987.792627,135637.789859,134453.35721
1066,97511.420943,102686.470879,104993.341856
1067,105643.395418,118653.972133,108349.669977
1068,108508.4553,123206.673123,117099.27459
1069,92790.90997,104641.845486,97923.6389996
1070,152796.8511,178924.785047,172912.96535
1071,152511.109504,178029.6208,169549.24079
1072,207452.606339,200844.826412,213595.425854
1073,221511.604009,231950.017312,210081.823159
1074,257876.060181,226958.448113,231219.441467
1075,189605.177787,196236.014571,184455.603341
1076,165383.499998,177413.12934,168982.301971
1077,142575.180253,139193.007141,148390.234561
1078,171067.899878,169010.172562,178879.815108
1079,173674.632657,176219.309016,185601.872822
1080,141476.66701,153794.356082,154571.928202
1081,143651.809607,140841.386253,147088.912812
1082,122544.392043,144809.78798,127934.720132
1083,119725.548859,123653.557507,125094.577358
1084,109829.923984,128633.692973,120444.473941
1085,120647.558892,128853.714452,130455.647937
1086,110512.407198,117701.704505,123967.334804
1087,138074.830251,155665.479677,151879.196455
1088,185906.253692,197525.446289,197630.55237
1089,177522.454007,216087.036297,172841.20471
1090,114551.562158,128846.117584,123942.063898
1091,105811.764538,119389.854095,113227.368436
1092,91718.3029446,101078.538861,82815.2079848
1093,117667.195089,126126.600535,121906.976439
1094,85810.1989165,103601.705096,80153.4928227
1095,107038.874274,113868.652503,106983.049735
1096,112232.152177,125327.626644,124044.432092
1097,197852.771371,190794.533205,202382.149812
1098,131230.944344,126390.304615,132047.938826
1099,116777.857926,125776.627119,123897.311064
1100,73683.2487736,90417.9931312,70248.6950761
1101,108764.682662,114789.073041,114100.435785
1102,108567.303855,123153.530864,95424.1394762
1103,134467.086638,153351.425083,168344.66896
1104,115572.170256,130496.822548,106327.305893
1105,121881.35335,139429.387873,148659.189961
1106,112344.66074,125147.191689,100303.193813
1107,146237.120324,168297.906929,161090.949209
1108,125961.975133,137306.385262,135212.380729
1109,111680.409061,129900.898715,116496.359496
1110,134381.618056,146085.217861,141291.035799
1111,106214.537586,121745.981622,109291.318415
1112,143978.839396,169838.471177,160391.472889
1113,167394.088225,185922.734018,182156.199369
1114,116581.13051,126081.105363,122990.80798
1115,145305.926224,149275.796447,148677.183062
1116,120708.612097,123649.857294,126972.838006
1117,79888.3482853,101957.107511,94341.1758076
1118,81050.659188,103551.772249,91399.6416625
1119,119776.355255,122117.679425,118951.72396
1120,103623.273361,121132.28535,96474.964141
1121,86399.9977572,111308.218747,80985.1083306
1122,213183.025434,220244.342378,201790.367692
1123,192913.849792,196102.422582,208765.509809
1124,135349.781372,147205.042521,140290.260246
1125,137947.517773,151276.119665,153687.085039
1126,160666.466198,173244.067773,146885.752545
1127,100611.6556,112750.724726,108666.614826
1128,114403.85605,128209.303653,132733.528619
1129,172494.271864,183926.032398,182706.234754
1130,149820.705795,142726.444537,159643.421823
1131,145924.768813,141842.350531,150551.817363
1132,166575.364191,168996.46393,163463.221224
1133,134396.412928,147678.698295,163212.361447
1134,122644.510872,132654.693991,120202.64815
1135,185340.402146,206975.79846,182196.446945
1136,148142.529757,148947.589237,152872.338856
1137,168211.114017,188201.126927,184046.595203
1138,165785.054094,160122.24672,164946.778858
1139,134965.068027,152317.136966,150707.792774
1140,112962.192888,119358.032603,120427.808157
1141,93070.4256726,110395.250732,102492.399855
1142,101435.225844,116147.914745,104514.752403
1143,91994.5253527,95320.0918077,93584.1524145
1144,105989.423227,128135.433128,118758.44746
1145,125992.116584,134511.656973,131097.985297
1146,139847.256146,160884.87506,156707.347774
1147,145321.803694,173355.487836,168285.943189
1148,157890.882202,161489.579628,159176.909527
1149,98405.1306438,116177.254917,102014.090378
1150,142368.162539,135332.229144,146336.151296
1151,183622.831912,179340.613081,176614.185878
1152,93710.2021286,104637.415584,98211.9351189
1153,96824.1048108,110303.369565,103571.703963
1154,136908.77793,129298.276318,139892.571001
1155,117816.268988,130658.337703,126491.404562
1156,147111.687442,177015.770783,165834.792715
1157,160521.017536,170642.427429,176748.149502
1158,156880.439408,172746.96783,170637.294564
1159,158388.273878,174475.40928,169178.422334
1160,149064.804023,153024.847196,159530.691112
1161,152638.051681,186970.601417,179141.370012
1162,142425.199005,156921.604169,145580.591849
1163,175194.347134,197617.92518,188603.962693
1164,193607.958425,193075.04914,180268.099593
1165,159922.494106,173630.787108,172091.201382
1166,144369.873467,148320.239251,140179.537611
1167,156245.626378,166084.200345,169923.513055
1168,349786.670798,319417.821986,283263.191683
1169,182501.800606,193652.75775,179019.702826
1170,164090.621404,172350.075762,170721.799799
1171,199966.410547,219275.019991,208788.227697
1172,160022.261292,179630.569009,167977.431314
1173,221004.534709,211789.658848,216641.412312
1174,133077.29907,144997.487315,141713.559493
1175,170744.880641,173879.087386,167590.256136
1176,118473.108813,129022.607647,127161.751769
1177,235313.813684,218362.360487,227809.19091
1178,165274.543823,168894.195538,171667.774139
1179,174246.904992,186640.633341,190624.980805
1180,121732.920772,139829.006593,133943.432516
1181,163933.769016,169439.209768,164385.179708
1182,94544.4155225,107787.678835,104366.623122
1183,115067.714837,134209.10646,121528.668311
1184,104834.201368,126834.308371,111811.450607
1185,104264.433173,132619.27075,117170.451054
1186,106770.679936,121252.302285,111077.848848
1187,125419.116827,133979.772116,139859.442709
1188,173745.695244,174986.832734,181808.064378
1189,104233.531974,129422.389126,125679.476466
1190,122083.132756,135165.976211,141227.874577
1191,167671.11943,185525.118159,182971.009991
1192,185525.440751,205261.993442,175329.297255
1193,143500.21162,146400.482486,146636.405569
1194,165614.081824,181422.836133,175367.350518
1195,163255.291089,176755.777704,169814.458639
1196,140693.219529,156587.080041,148484.868766
1197,201855.058162,214629.701584,199395.479871
1198,233350.83437,222049.282205,208949.936711
1199,164250.489034,174845.649667,165271.884943
1200,150070.700231,156694.812048,158985.784641
1201,225235.286451,208163.497268,220879.233843
1202,169172.055066,195007.191531,173813.606185
1203,168716.842901,171108.10729,170952.701638
1204,169314.044388,186081.341719,174943.018123
1205,160671.698065,154625.405708,157609.394381
1206,140021.387238,138298.402026,145520.87092
1207,158998.271608,164589.604617,153933.744863
1208,148694.360691,140440.218142,151559.400525
1209,176137.80991,208014.881023,175528.226516
1210,134889.266841,138402.643347,141059.525049
1211,129643.087443,136339.985389,136501.762039
1212,208550.162862,230715.347035,218330.004127
1213,141046.309874,154762.116282,159229.618254
1214,118775.40609,129272.207365,131043.339734
1215,126444.306019,148587.710712,142845.971812
1216,157014.724112,173233.105491,169600.584612
1217,179153.267418,220729.368488,202038.247077
1218,161898.75289,187107.162134,169101.246412
1219,174472.677456,200687.6845,180815.996343
1220,171727.712214,195666.006877,191014.227822
1221,173420.59977,206458.437699,183119.457583
1222,221284.545394,267499.518504,279055.463329
1223,199513.838485,227472.007039,211687.76309
1224,202520.537664,211744.399961,221514.507646
1225,142943.049124,155120.264639,147440.950432
1226,151041.766137,182869.625776,160091.24923
1227,148897.090091,145431.035705,144233.358117
1228,149215.820635,163299.905583,150166.728541
1229,157340.015827,185719.242384,180414.680003
1230,135246.474396,159595.210447,167035.91514
1231,114017.876639,117858.558946,121384.977268
1232,152018.477158,147994.583122,153196.344964
1233,110750.692647,115719.466273,117355.683427
1234,130655.469498,135370.934283,147261.712443
1235,140107.758547,145887.362553,148769.730074
1236,154073.04772,176272.936581,178880.198768
1237,179611.263333,180630.036963,192221.507442
1238,133820.16519,135406.629313,147595.493187
1239,144929.629345,168163.781429,129762.63518
1240,130302.379547,150786.4136,140613.825347
1241,102393.852869,108656.848363,107397.670362
1242,122077.186598,127543.419544,128643.996813
1243,145603.52102,156245.641423,155454.51564
1244,97159.1963833,114698.447831,109310.841199
1245,88138.0117094,109078.244574,99983.0435979
1246,105380.877268,109797.699632,108626.422306
1247,97641.8322396,108558.847271,102282.54641
1248,101265.01715,120752.004585,106436.682642
1249,96922.134548,112550.100718,100789.960778
1250,222368.876117,269029.388547,243547.926902
1251,253387.404486,273904.096034,234612.48982
1252,122087.196062,132594.541551,129187.564881
1253,115738.804007,130453.279721,123669.827181
1254,186651.060574,183215.323214,195944.586337
1255,107560.314942,112590.946136,114124.681085
1256,133518.726906,144839.142511,147859.436034
1257,209143.68907,233786.21802,208149.586307
1258,128679.288725,132828.959095,127611.779494
1259,139417.209885,129245.084824,139964.159156
1260,118258.605646,119853.708862,120006.936883
1261,139794.745184,142182.189976,151567.492601
1262,127287.611135,138222.547902,136306.806157
1263,97153.1832474,114827.206648,102700.616219
1264,121097.502747,127309.150702,121443.349629
1265,130173.200622,133940.411127,138442.318993
1266,176254.768782,209931.574348,195531.986817
1267,184970.370143,179858.540167,165421.644709
1268,135910.701593,135981.291671,146027.912367
1269,122622.437147,128089.907757,126663.571982
1270,90927.3286771,106514.842108,99478.7173496
1271,103987.69324,109300.009175,103633.189712
1272,127803.611284,136983.449591,117162.346278
1273,179043.353881,179227.074359,152718.680621
1274,119871.471305,131026.038442,133148.408797
1275,130675.651213,138583.204875,113174.03223
1276,86525.7189434,107887.319213,82062.8841866
1277,148832.866295,152984.083784,153731.53515
1278,173533.717201,167368.105964,186038.11624
1279,106646.449645,124493.558372,129670.486488
1280,152424.083548,148993.276437,147053.202812
1281,148613.486486,173517.847809,167294.629086
1282,162214.794117,157664.70014,154590.74498
1283,124297.935381,122200.212234,126318.868128
1284,99863.3974169,111419.874544,107544.343356
1285,102854.122615,115348.024945,105860.559108
1286,126620.688428,128939.266293,136050.607073
1287,106276.384511,114450.305782,107639.484444
1288,119843.227461,141986.847182,124914.78261
1289,120357.454507,129889.082542,134197.455607
1290,104811.934303,114025.989976,106413.250805
1291,157309.812844,188884.804463,180669.574773
1292,144078.512687,153042.503947,148556.369992
1293,200987.095712,277038.371485,253811.123726
1294,126997.611452,148563.172198,149262.451299
1295,83592.690757,100668.058204,90362.9199037
1296,97166.6653657,102535.194508,96079.9013571
1297,84881.0499094,94676.8138303,68227.5119057
1298,176925.891392,166832.930116,149075.026835
1299,139950.87506,156358.362524,159999.762976
1300,124180.259567,129624.670659,129462.003505
1301,142365.074896,145587.075214,152760.442162
1302,158188.222631,176455.500083,169594.140813
1303,117054.976708,128278.450109,106730.341381
1304,237143.740361,276409.037889,243288.229988
1305,143411.976034,150718.696981,154288.178299
1306,107137.732592,117810.490749,113975.186813
1307,165734.245987,155393.701348,162756.347407
1308,135262.497355,145501.029144,141304.364081
1309,111357.750815,119665.97508,122942.566792
1310,88476.9966439,105211.27512,98220.2478354
1311,123568.331755,141753.209366,124538.815998
1312,132872.91135,136812.752858,143476.998003
1313,126934.18426,124752.021055,131495.829467
1314,182404.591919,179468.794466,162408.722708
1315,101025.68682,114252.449944,109468.949178
1316,125964.268396,143682.483786,148367.015659
1317,81794.3171251,93493.5963782,92236.7938128
1318,164489.885056,152861.074837,162315.866768
1319,117971.936154,135634.680687,100006.638383
1320,85400.1800576,100516.603539,91947.7159217
1321,86761.4257226,104189.179397,96659.0585587
1322,101777.138471,115723.82271,112875.195024
1323,110646.549699,118777.237148,114925.415202
1324,130644.696927,122524.516986,131245.591294
1325,87179.1538611,107257.364457,92426.892365
1326,129300.514246,167707.347438,165665.749278
1327,79451.0262999,98086.7361212,92559.1449451
1328,155294.67613,169614.038764,164834.934343
1329,88520.230229,100893.204187,90764.8592662
1330,96890.8263307,103696.590082,101183.961435
1331,79507.7697811,94129.055978,75966.1021714
1332,191192.659623,190937.921463,201483.857522
1333,106663.326178,115828.290767,111765.693895
1334,95681.6158748,110988.886246,107089.8755
1335,103595.890034,111802.99596,105177.301324
1336,169096.274229,185197.593764,190716.155651
1337,133484.771077,139290.80336,139716.646528
1338,90381.2428353,107465.5774,80757.455883
1339,83256.1211058,94916.8824098,91420.9113715
1340,89829.8734764,101653.841085,97000.276058
1341,124422.164763,129547.667149,132548.117304
1342,205316.623714,194333.065902,222409.792871
1343,112240.135007,132891.622973,111594.110835
1344,108836.356699,117525.523353,111087.649689
1345,93446.6963526,110657.11264,100384.25337
1346,124639.449246,137775.069246,130030.052178
1347,143707.344813,175142.712941,164156.271778
1348,95080.5668011,105030.95519,102009.164877
1349,145669.811913,144017.180876,142508.394114
1350,137500.253601,160325.96271,148831.071386
1351,119182.292404,125885.408943,129519.173879
1352,140974.684323,151731.237613,152377.141872
1353,142102.296873,132432.628535,144457.309611
1354,98805.2682567,110269.040299,99977.428431
1355,155459.275245,192479.032821,170967.190029
1356,122802.775338,133896.448548,125932.636778
1357,102760.004219,113399.599095,105385.841013
1358,147468.42371,138436.663732,148254.996966
1359,150018.781106,159371.141418,168866.941313
1360,96472.9193629,107143.581654,102541.006601
1361,230656.096603,207040.354949,224920.766876
1362,196153.752999,250281.372238,259212.969294
1363,151748.594768,170125.587578,156456.27398
1364,119017.050613,129976.391283,138091.004509
1365,89350.0171072,102547.592183,100553.70031
1366,161745.089166,157162.885214,169290.567163
1367,160254.113586,172534.06852,180255.389981
1368,180841.813963,183182.069278,193530.276588
1369,214426.141372,225381.602571,227281.389832
1370,152531.120116,154500.241057,162308.853755
1371,166099.086274,175809.495364,169340.443591
1372,178000.298689,192165.716574,176529.488355
1373,135835.356023,161752.14392,169220.081679
1374,144159.026895,158574.952074,161524.823112
1375,160532.729834,190164.588644,181505.793417
1376,132642.706131,129426.776722,141238.046953
1377,149179.976712,153976.588806,160665.101293
1378,137985.089911,171792.612053,176341.060394
1379,172047.749907,178251.890873,163412.621735
1380,186952.016728,198551.996123,206272.497037
1381,152029.74937,162180.770038,166673.762252
1382,131031.731378,149467.643394,138931.914227
1383,152738.8462,164904.368197,170267.874566
1384,91211.7591694,115777.402066,101079.520385
1385,149701.190981,162471.907646,163177.486282
1386,173001.01506,179042.175783,193956.44905
1387,164775.114366,179477.821489,166653.27311
1388,132429.184386,139123.310953,141199.913245
1389,178819.237276,218850.733596,186683.689532
1390,234314.874188,227158.859783,232525.089899
1391,169011.177179,185902.344876,187738.47691
1392,161548.267043,175382.810266,178762.327062
1393,133808.949843,141314.654108,138431.469201
1394,140402.12077,152595.157121,142329.528526
1395,176181.644843,188896.349141,165556.011749
1396,159214.620624,180046.874881,161005.990252
1397,139717.66502,147156.936255,152098.011859
1398,125999.088684,129830.645749,134761.188413
1399,105998.222143,113165.531503,110843.56715
1400,127094.77418,132310.442915,140347.283249
1401,131912.521436,141319.175349,145558.976014
1402,114674.93818,125916.32084,117210.48236
1403,167748.593368,179750.665908,177303.277064
1404,135381.907546,146612.119995,141852.898135
1405,127831.204217,139269.4664,136105.358709
1406,105014.632311,109846.348738,98563.8224755
1407,116921.757452,119170.406846,125918.915132
1408,133837.400708,174995.736474,156243.97809
1409,143212.951017,151082.284302,156030.117961
1410,125866.740593,130505.424746,130429.773563
1411,69596.9377878,101004.347678,75263.5366961
1412,111608.747241,120819.817451,126068.514973
1413,129527.912577,126596.0133,139859.662964
1414,108710.546884,114750.271043,111053.445743
1415,116552.269655,128657.87875,99127.7051494
1416,124918.292855,138422.687811,126555.601194
1417,130979.254574,133284.351477,117026.744296
1418,127296.967019,134119.131652,135175.996949
1419,96647.3322834,117671.523476,92345.7441772
1420,143712.54667,155516.962057,155795.441491
1421,136049.296502,132439.817823,114238.693169
1422,166415.31432,158295.136026,163107.61474
1423,164791.379297,188294.06784,194083.21949
1424,132223.916515,135818.017083,146848.592608
1425,148983.92358,163472.674877,159597.889942
1426,87579.6723233,102051.023944,97607.1055637
1427,111079.68207,119914.402632,125696.057529
1428,88700.0026068,94405.5182164,90686.2892077
1429,82594.7978946,87611.7178993,86166.4087784
1430,121447.904568,122175.933725,121544.605568
1431,63740.9117077,85269.9150009,61756.7011151
1432,96209.6659223,102970.186306,99545.7344953
1433,66948.6066526,88761.7201504,63612.6687982
1434,138751.347035,143125.017185,130853.667691
1435,138135.984477,145340.036651,142001.509551
1436,136729.281183,138138.561245,154796.091571
1437,168585.890521,174710.50133,177007.280225
1438,158049.858149,166435.235871,151506.78987
1439,130974.860314,144455.905781,140835.696844
1440,150330.012755,178848.664895,160288.298693
1441,181424.696547,174958.083774,192625.521536
1442,174786.152944,185818.274452,169227.204086
1443,168545.937113,203797.373146,186111.341777
1444,147251.786873,129710.794136,144729.263714
1445,143928.341019,149984.14909,154346.896474
1446,96277.2990515,102375.263956,96834.6721494
1447,99407.9693906,111409.106168,102348.337228
1448,196110.32379,206323.311033,202588.280038
1449,80877.0550094,85503.1147523,79588.5924098
1450,92794.3186899,105343.824016,100599.546076
1451,142003.46905,151486.239602,151420.593249
1452,98537.9436453,127215.982224,112193.275065
1453,83944.8984794,93167.6458685,91595.9620983
1454,86025.1489282,96820.4400784,96506.2216238
1455,85486.9054887,102129.256433,93257.9435299
1456,153120.811027,159975.689469,159742.314496
1457,103183.780516,107150.401111,103937.361116
1458,171042.048143,189803.39546,175991.127733
